Date ,Sr No,Time ,Daily Task,Task Status,Unnamed: 5
2024-01-25 00:00:00,1.0,9.30 to 10.30,Create Responsive landing page for library system,completed,
,2.0,10.30 to 11.30,Navbar ,,
,3.0,11.30 to 12.30,swiper,,
,4.0,12.30 to 1.30,html ,,
,5.0,1.30 to 2.30 ,Lunch Break,,
,6.0,2.30 to 3.30,css,,
,7.0,3.30 to 4.30 ,search for popular books,,
,8.0,4.30 to 5.30,images,,
,9.0,5.30 to 6.30,footer,,
Create Nav Bar And Footer,,,,,
2024-01-29 00:00:00,1.0,9.30 to 10.30,Studied about the task,Completed,
,2.0,10.30 to 11.30,create html elements of navbar,,
,3.0,11.30 to 12.30,CSS for navbar,,
,4.0,12.30 to 1.30,JS for navbar,,
,5.0,1.30 to 2.30 ,Lunch Break,,
,6.0,2.30 to 3.30,create html elements of footer,,
,7.0,3.30 to 4.30 ,CSS for footer,,
,8.0,4.30 to 5.30,JS for footer,,
,9.0,5.30 to 6.30,style sheet links ,,
,,,,,
Create Card And Testimonials ,,,,,
2024-01-30 00:00:00,1.0,9.30 to 10.30,Studied about the task,Completed,
,2.0,10.30 to 11.30,Create Navbar,,
,3.0,11.30 to 12.30,Create cards,,
,4.0,12.30 to 1.30,Create testimonials,,
,5.0,1.30 to 2.30 ,Lunch Break,,
,6.0,2.30 to 3.30,CSS doe navbar,,
,7.0,3.30 to 4.30 ,CSS for Cards,,
,8.0,4.30 to 5.30,CSS for testimonials,,
,9.0,5.30 to 6.30,images links and paragraphs,,
,,,,,
,,,Woods platina,,
2024-01-31 00:00:00,1.0,9.30 to 10.30,Studied about the link which is provided,Completed,
,2.0,10.30 to 11.30,Navbar,,
,3.0,11.30 to 12.30,popup and enquire section,,
,4.0,12.30 to 1.30,Project Gallery,,
,5.0,1.30 to 2.30 ,Lunch Break,,
,6.0,2.30 to 3.30,Floor plan section,,
,7.0,3.30 to 4.30 ,Location section,,
,8.0,4.30 to 5.30,About section,,
,9.0,5.30 to 6.30,Footer section,,
,,,,,
,,,Woods platina,,
2024-01-01 00:00:00,1.0,9.30 to 10.30,Header,Completed,
,2.0,10.30 to 11.30,Hero page,,
,3.0,11.30 to 12.30,Carousel,,
,4.0,12.30 to 1.30,images,,
,5.0,1.30 to 2.30 ,Lunch Break,,
,6.0,2.30 to 3.30,Maps and locations,,
,7.0,3.30 to 4.30 ,About section,,
,8.0,4.30 to 5.30,CSS related issues,,
,9.0,5.30 to 6.30,js,,
,,,,,
,,,DashBoard,,
2024-02-02 00:00:00,1.0,9.30 to 10.30,Studied about dashboard,Completed,
,2.0,10.30 to 11.30,Header,,
,3.0,11.30 to 12.30,Side nav,,
,4.0,12.30 to 1.30,cards,,
,5.0,1.30 to 2.30 ,Lunch Break,,
,6.0,2.30 to 3.30,articles section,,
,7.0,3.30 to 4.30 ,icons using stylesheets,,
,8.0,4.30 to 5.30,CSS related issues,,
,9.0,5.30 to 6.30,js,,
,,,,,
,,, Cannyworx,,
2024-02-05 00:00:00,1.0,9.30 to 10.30,Studied about cannyworx,Completed,
,2.0,10.30 to 11.30,Header,,
,3.0,11.30 to 12.30,Navbar,,
,4.0,12.30 to 1.30,Hero Section,,
,5.0,1.30 to 2.30 ,Lunch Break,,
,6.0,2.30 to 3.30,Services,,
,7.0,3.30 to 4.30 ,CSS related issues,,
,8.0,4.30 to 5.30,Footer,,
,9.0,5.30 to 6.30,js,,
,,,,,
,,,Structure,,
2024-02-06 00:00:00,1.0,9.30 to 10.30,Studied about the given structure,Completed,
,2.0,10.30 to 11.30,Header,,
,3.0,11.30 to 12.30,Hero Section,,
,4.0,12.30 to 1.30,Text boxes,,
,5.0,1.30 to 2.30 ,Lunch Break,,
,6.0,2.30 to 3.30,Works on tailwind css,,
,7.0,3.30 to 4.30 ,Navigation boxes,,
,8.0,4.30 to 5.30,Footer,,
,9.0,5.30 to 6.30,Alignment issues,,
,,,,,
,,,Medical Website,,
2024-02-07 00:00:00,1.0,9.30 to 10.30,Studied about the given image,Completed,
,2.0,10.30 to 11.30,Header,,
,3.0,11.30 to 12.30,Hero Section,,
,4.0,12.30 to 1.30,Sign up section,,
,5.0,1.30 to 2.30 ,Lunch Break,,
,6.0,2.30 to 3.30,Service section,,
,7.0,3.30 to 4.30 ,Video section,,
,8.0,4.30 to 5.30,Works on tailwind css,,
,9.0,5.30 to 6.30,footer,,
,,,,,
,,,,,
,,,Git Hub Repositories,,
2024-02-08 00:00:00,1.0,9.30 to 10.30,Studied about the branches,Completed,
,2.0,10.30 to 11.30,learned to create repositories,,
,3.0,11.30 to 12.30,created repositories and generated the link,,
,4.0,12.30 to 1.30,learned about push and pull in github,,
,5.0,1.30 to 2.30 ,Lunch Break,,
,6.0,2.30 to 3.30,Task submission,,
,7.0,3.30 to 4.30 ,,,
,8.0,4.30 to 5.30,,,
,9.0,5.30 to 6.30,,,
,,,,,
,,,,,
,,,Github,,
2024-02-09 00:00:00,1.0,9.30 to 10.30,Studied about the branches,Completed,
,2.0,10.30 to 11.30,Studeid about push ,,
,3.0,11.30 to 12.30,Studeid about pull ,,
,4.0,12.30 to 1.30,Performed operations related to branches,,
,5.0,1.30 to 2.30 ,Lunch Break,,
,6.0,2.30 to 3.30,Performed operations related to branches,,
,7.0,3.30 to 4.30 ,Performed operations related to push and pull,,
,8.0,4.30 to 5.30,Performed operations related to push and pull,,
,9.0,5.30 to 6.30,Task completed,,
,,,,,
,,,,,
,,,Css properties,,
2024-02-12 00:00:00,1.0,9.30 to 10.30,Studied about Css properties,Completed,
,2.0,10.30 to 11.30,Studeid about opacity,,
,3.0,11.30 to 12.30,Studeid about transition,,
,4.0,12.30 to 1.30,Studies about Radius,,
,5.0,1.30 to 2.30 ,Lunch Break,,
,6.0,2.30 to 3.30,Studies about all transform properties,,
,7.0,3.30 to 4.30 ,Make changes to the previous website realted to the css properties,,
,8.0,4.30 to 5.30,Made cchanges to the pervious projects,,
,9.0,5.30 to 6.30,Task completed,,
,,,,,
,,,,,
,,,Bootstrap properties,,
2024-02-13 00:00:00,1.0,9.30 to 10.30,Studied about Bootstrap properties,Completed,
,2.0,10.30 to 11.30,Studeid about Modal,,
,3.0,11.30 to 12.30,Studeid about Carousel,,
,4.0,12.30 to 1.30,Studies about Carousel,,
,5.0,1.30 to 2.30 ,Lunch Break,,
,6.0,2.30 to 3.30,Learned to use the bootstrap in the code,,
,7.0,3.30 to 4.30 ,Reffer some youtube videos for modal and carousel,,
,8.0,4.30 to 5.30,Created a webpage using bootstrap properties,,
,9.0,5.30 to 6.30,Task completed,,
,,,,,
,,,,,
,,,"Flex, Grid, media, Position",,
2024-02-14 00:00:00,1.0,9.30 to 10.30,Studied about Flex Properties,Completed,
,2.0,10.30 to 11.30,Studeid about Grid,,
,3.0,11.30 to 12.30,Studeid about Media,,
,4.0,12.30 to 1.30,Studies about Position,,
,5.0,1.30 to 2.30 ,Lunch Break,,
,6.0,2.30 to 3.30,Created Flex section,,
,7.0,3.30 to 4.30 ,Created grid section,,
,8.0,4.30 to 5.30,Created position section,,
,9.0,5.30 to 6.30,Add media query to the above section,,
,,,,,
,,,,,
,,,JS Elements,,
2024-02-15 00:00:00,1.0,9.30 to 10.30,Studied about variables in JS,Completed,
,2.0,10.30 to 11.30,Studeid about objects in JS,,
,3.0,11.30 to 12.30,Studeid about Functions,,
,4.0,12.30 to 1.30,Studies about Control flow statements,,
,5.0,1.30 to 2.30 ,Lunch Break,,
,6.0,2.30 to 3.30,Studies about Arrays in js,,
,7.0,3.30 to 4.30 ,Studied about Event handling in JS,,
,8.0,4.30 to 5.30,Created a website related to above properties,,
,9.0,5.30 to 6.30,Task Completed,,
,,,,,
,,,,,
,,,Callback and Promises,,
2024-02-16 00:00:00,1.0,9.30 to 10.30,Studied about Callback in JS,Completed,
,2.0,10.30 to 11.30,Studeid about promises in JS,,
,3.0,11.30 to 12.30,Studeid about Functions,,
,4.0,12.30 to 1.30,performed basic callback functions,,
,5.0,1.30 to 2.30 ,Lunch Break,,
,6.0,2.30 to 3.30,performed basic promises,,
,7.0,3.30 to 4.30 ,Task Completed,,
,8.0,4.30 to 5.30,,,
,9.0,5.30 to 6.30,,,
,,,,,
,,,,,
,,,Callback and promises,,
2024-02-19 00:00:00,1.0,9.30 to 10.30,Studied about Callback in JS,Completed,
,2.0,10.30 to 11.30,Studeid about promises in JS,,
,3.0,11.30 to 12.30,Studeid about Functions,,
,4.0,12.30 to 1.30,performed basic callback functions,,
,5.0,1.30 to 2.30 ,Lunch Break,,
,6.0,2.30 to 3.30,performed basic promises,,
,7.0,3.30 to 4.30 ,watch some youtube videos related to callback functions,,
,8.0,4.30 to 5.30,watch some youtube videos related to promises,,
,9.0,5.30 to 6.30,Task completed,,
,,,,,
,,,,,
,,,Hoisting and Closures,,
2024-02-20 00:00:00,1.0,9.30 to 10.30,Studied about Hoisting in JS,Completed,
,2.0,10.30 to 11.30,Studeid about Closures in JS,,
,3.0,11.30 to 12.30,Watch some youtube videos related to Hoisting,,
,4.0,12.30 to 1.30,Watch some youtube videos related to Closure,,
,5.0,1.30 to 2.30 ,Lunch Break,,
,6.0,2.30 to 3.30,Implemented hoisting and closures,,
,7.0,3.30 to 4.30 ,Task completed,,
,8.0,4.30 to 5.30,,,
,9.0,5.30 to 6.30,,,
,,,,,
,,,,,
,,,Form clone website,,
2024-02-21 00:00:00,1.0,9.30 to 10.30,Studied about the given task,Completed,
,2.0,10.30 to 11.30,nav section,,
,3.0,11.30 to 12.30,staff detail section,,
,4.0,12.30 to 1.30,staff detail section,,
,5.0,1.30 to 2.30 ,Lunch Break,,
,6.0,2.30 to 3.30,Personal Details section,,
,7.0,3.30 to 4.30 ,Personal Details section,,
,8.0,4.30 to 5.30,Other Details,,
,9.0,5.30 to 6.30,Task completed,,
,,,,,
,,,,,
,,,Responsive design of dashboard and form,,
2024-02-22 00:00:00,1.0,9.30 to 10.30,Studied about the given task,Completed,
,2.0,10.30 to 11.30,Created Responsive design of Dashboard,,
,3.0,11.30 to 12.30,Created Responsive design of Form,,
,4.0,12.30 to 1.30,Integrated dashboard and form,,
,5.0,1.30 to 2.30 ,Lunch Break,,
,6.0,2.30 to 3.30,Integrated dashboard and form,,
,7.0,3.30 to 4.30 ,Worked on css,,
,8.0,4.30 to 5.30,Task completed,,
,9.0,5.30 to 6.30,,,
,,,,,
,,,,,
,,,Branches in Github,,
2024-02-23 00:00:00,1.0,9.30 to 10.30,Studied about the given task,Completed,
,2.0,10.30 to 11.30,Watch some youtube videos related to github branches,,
,3.0,11.30 to 12.30,Created a Repository,,
,4.0,12.30 to 1.30,Added all files of projects in that repository,,
,5.0,1.30 to 2.30 ,Lunch Break,,
,6.0,2.30 to 3.30,Add New branches by using commands in terminal,,
,7.0,3.30 to 4.30 ,Task completed,,
,8.0,4.30 to 5.30,,,
,9.0,5.30 to 6.30,,,
,,,,,
,,,,,
,,,"New content in react,css,icons,bootstarp etc",,
2024-02-26 00:00:00,1.0,9.30 to 10.30,Explored the new content updated in react,Completed,
,2.0,10.30 to 11.30,Explored the new content updated in CSS,,
,3.0,11.30 to 12.30,Explored the new content updated in Bootstrap,,
,4.0,12.30 to 1.30,Explored the new content updated in Angular,,
,5.0,1.30 to 2.30 ,Lunch Break,,
,6.0,2.30 to 3.30,Explored the new content updated in icons,,
,7.0,3.30 to 4.30 ,Task completed,,
,8.0,4.30 to 5.30,,,
,9.0,5.30 to 6.30,,,
,,,,,
,,,,,
,,,Analysis of IT and software training websites,,
2024-02-27 00:00:00,1.0,9.30 to 10.30,Vist different IT company websites,Completed,
,2.0,10.30 to 11.30,Vist different IT company websites,,
,3.0,11.30 to 12.30,Vist different IT company websites,,
,4.0,12.30 to 1.30,Vist different IT company websites,,
,5.0,1.30 to 2.30 ,Lunch Break,,
,6.0,2.30 to 3.30,Vist different Software Training websites,,
,7.0,3.30 to 4.30 ,Vist different Software Training websites,,
,8.0,4.30 to 5.30,Vist different Software Training websites,,
,9.0,5.30 to 6.30,Create an excel based on the websites that I have visited,,
,,,,,
,,,SMTP,,
2024-02-28 00:00:00,1.0,9.30 to 10.30,Studied about the given task,Completed,
,2.0,10.30 to 11.30,watch some videos about smtp,,
,3.0,11.30 to 12.30,Observe some code related to smtp,,
,4.0,12.30 to 1.30,Observe some code related to smtp,,
,5.0,1.30 to 2.30 ,Lunch Break,,
,6.0,2.30 to 3.30,Observe some code related to smtp,,
,7.0,3.30 to 4.30 ,create a html form,,
,8.0,4.30 to 5.30,add css to the form,,
,9.0,5.30 to 6.30,add script to the form,,
,,,,,
,,,,,
,,,SMTP and Angular Frameworks,,
2024-02-29 00:00:00,1.0,9.30 to 10.30,Studied about the given task,Completed,
,2.0,10.30 to 11.30,watch some videos about smtp,,
,3.0,11.30 to 12.30,Create a html form which use smtp to send mail,,
,4.0,12.30 to 1.30,Studies about angular,,
,5.0,1.30 to 2.30 ,Lunch Break,,
,6.0,2.30 to 3.30,Studies about components,,
,7.0,3.30 to 4.30 ,Studies about Module,,
,8.0,4.30 to 5.30,Studies about service,,
,9.0,5.30 to 6.30,Task Completed,,
,,,,,
,,,,,
,,,WireFrame,,
2024-03-01 00:00:00,1.0,9.30 to 10.30,Studied about the WireFrame,Completed,
,2.0,10.30 to 11.30,Studied about the WireFrame,,
,3.0,11.30 to 12.30,Studied about the WireFrame,,
,4.0,12.30 to 1.30,Watch some yoube videos related to wireframe,,
,5.0,1.30 to 2.30 ,Lunch Break,,
,6.0,2.30 to 3.30,Watch some yoube videos related to wireframe,,
,7.0,3.30 to 4.30 ,Watch some yoube videos related to wireframe,,
,8.0,4.30 to 5.30,,,
,9.0,5.30 to 6.30,Task Completed,,
,,,,,
,,,,,
,,,Digital Branding website clone,,
2024-03-04 00:00:00,1.0,9.30 to 10.30,Studied about the given task,Completed,
,2.0,10.30 to 11.30,Create Header Section,,
,3.0,11.30 to 12.30,Css of header section,,
,4.0,12.30 to 1.30,Hero section,,
,5.0,1.30 to 2.30 ,Lunch Break,,
,6.0,2.30 to 3.30,Css Hero section,,
,7.0,3.30 to 4.30 ,Creative desgin section,,
,8.0,4.30 to 5.30,CSS of creative design section,,
,9.0,5.30 to 6.30,Sidebar,,
,,,,,
,,,,,
,,,Digital Branding next sections,,
2024-03-05 00:00:00,1.0,9.30 to 10.30,Studied about the given task,Completed,
,2.0,10.30 to 11.30,Create Career section,,
,3.0,11.30 to 12.30,Css of Career section,,
,4.0,12.30 to 1.30,Details section,,
,5.0,1.30 to 2.30 ,Lunch Break,,
,6.0,2.30 to 3.30,Css Details section,,
,7.0,3.30 to 4.30 ,Creative desgin section,,
,8.0,4.30 to 5.30,SEO optimization webpage,,
,9.0,5.30 to 6.30,css for SEO optimization,,
,,,,,
,,,,,
,,,Diggiple Portfolio,,
2024-03-06 00:00:00,1.0,9.30 to 10.30,Studied about the given task,Completed,
,2.0,10.30 to 11.30,Hero section,,
,3.0,11.30 to 12.30,Css of Hero section,,
,4.0,12.30 to 1.30,registration form,,
,5.0,1.30 to 2.30 ,Lunch Break,,
,6.0,2.30 to 3.30,Css registration form,,
,7.0,3.30 to 4.30 ,Create Cards,,
,8.0,4.30 to 5.30,CSS for cards,,
,9.0,5.30 to 6.30,Task Completed,,
,,,,,
,,,,,
,,,Diggiple Carrer and contact,,
2024-03-07 00:00:00,1.0,9.30 to 10.30,Studied about the given task,Completed,
,2.0,10.30 to 11.30,Careers,,
,3.0,11.30 to 12.30,Css for Careers,,
,4.0,12.30 to 1.30,Css for Careers,,
,5.0,1.30 to 2.30 ,Lunch Break,,
,6.0,2.30 to 3.30,Contact section,,
,7.0,3.30 to 4.30 ,Css for Contact section,,
,8.0,4.30 to 5.30,Css for Contact section,,
,9.0,5.30 to 6.30,Task Completed,,
,,,,,
,,,,,
,,,Diggiple,,
2024-03-07 00:00:00,1.0,9.30 to 10.30,Studied about the given task,Completed,
,2.0,10.30 to 11.30,Interlinking all the webpages,,
,3.0,11.30 to 12.30,Doing small correction in previous code,,
,4.0,12.30 to 1.30,Cleared some of the issues,,
,5.0,1.30 to 2.30 ,Lunch Break,,
,6.0,2.30 to 3.30,Task Completed,,
,7.0,3.30 to 4.30 ,,,
,8.0,4.30 to 5.30,,,
,9.0,5.30 to 6.30,,,
,,,,,
,,,,,
,,,,,
2024-03-11 00:00:00,1.0,9.30 to 10.30,Continued the previous task of recreating the main webpages of given marketing website,Completed,
,2.0,10.30 to 11.30,,,
,3.0,11.30 to 12.30,,,
,4.0,12.30 to 1.30,,,
,5.0,1.30 to 2.30 ,Lunch Break,,
,6.0,2.30 to 3.30,Completed the task of recreating the main webpages of given marketing website,,
,7.0,3.30 to 4.30 ,,,
,8.0,4.30 to 5.30,,,
,9.0,5.30 to 6.30,,,
,,,,,
,,,,,
,,,5 star hotel landing page,,
2024-03-12 00:00:00,1.0,9.30 to 10.30,Studied about the given task,Completed,
,2.0,10.30 to 11.30,create header section,,
,3.0,11.30 to 12.30,css for header section,,
,4.0,12.30 to 1.30,Create hero section,,
,5.0,1.30 to 2.30 ,Lunch Break,,
,6.0,2.30 to 3.30,css for Hero section,,
,7.0,3.30 to 4.30 ,create register form,,
,8.0,4.30 to 5.30,create cards,,
,9.0,5.30 to 6.30,css for cards,,
,,,,,
,,,,,
,,,CNET INFOSYSTEM clone website,,
2024-03-13 00:00:00,1.0,9.30 to 10.30,Studied about the given task,Completed,
,2.0,10.30 to 11.30,create header section,,
,3.0,11.30 to 12.30,Create hero section,,
,4.0,12.30 to 1.30,create register form,,
,5.0,1.30 to 2.30 ,Lunch Break,,
,6.0,2.30 to 3.30,Create award section,,
,7.0,3.30 to 4.30 ,Create card section,,
,8.0,4.30 to 5.30,create results section,,
,9.0,5.30 to 6.30,Footer,,
,,,,,
,,,,,
,,,SCSS,,
2024-03-14 00:00:00,1.0,9.30 to 10.30,Studied about the given task,Completed,
,2.0,10.30 to 11.30,Make some changes in yesterday task,,
,3.0,11.30 to 12.30,Make some changes in yesterday task,,
,4.0,12.30 to 1.30,Studied about the SCSS,,
,5.0,1.30 to 2.30 ,Lunch Break,,
,6.0,2.30 to 3.30,Mixin in SCSS,,
,7.0,3.30 to 4.30 ,Nesting in SCSS,,
,8.0,4.30 to 5.30,Parameters in SCSS,,
,9.0,5.30 to 6.30,Task Completed,,
,,,,,
,,,,,
,,,Sass,,
2024-03-15 00:00:00,1.0,9.30 to 10.30,Studied about the given task,Completed,
,2.0,10.30 to 11.30,Studied about sass nesting,,
,3.0,11.30 to 12.30,Studied about sass mixin,,
,4.0,12.30 to 1.30,Watch some youtube videos related to sass,,
,5.0,1.30 to 2.30 ,Lunch Break,,
,6.0,2.30 to 3.30,Installation of scss and basic implementation,,
,7.0,3.30 to 4.30 ,Add sass to the previous task,,
,8.0,4.30 to 5.30,Add sass to the previous task,,
,9.0,5.30 to 6.30,Task Completed,,
,,,,,
,,,,,
,,,Resume Builder,,
2024-03-18 00:00:00,1.0,9.30 to 10.30,Studied about the given task,Completed,
,2.0,10.30 to 11.30,Create image section,,
,3.0,11.30 to 12.30,Create skills section,,
,4.0,12.30 to 1.30,Create education section,,
,5.0,1.30 to 2.30 ,Lunch Break,,
,6.0,2.30 to 3.30,Create experince section,,
,7.0,3.30 to 4.30 ,Create follow section,,
,8.0,4.30 to 5.30,Css related issues,,
,9.0,5.30 to 6.30,Css related issues,,
,,,,,
,,,Tailwinds css,,
2024-03-19 00:00:00,1.0,9.30 to 10.30,Studied about the given task,Completed,
,2.0,10.30 to 11.30,Make some changes in previous task,,
,3.0,11.30 to 12.30,study about tailwind css,,
,4.0,12.30 to 1.30,study about tailwind css,,
,5.0,1.30 to 2.30 ,Lunch Break,,
,6.0,2.30 to 3.30,Navbar section using tailwind css,,
,7.0,3.30 to 4.30 ,columns using tailwind css,,
,8.0,4.30 to 5.30,Hero section,,
,9.0,5.30 to 6.30,Task Completed,,
,,,,,
,,,,,
,,,CURD Operation of medical bills,,
2024-03-20 00:00:00,1.0,9.30 to 10.30,Studied about the given task,Completed,
,2.0,10.30 to 11.30,Studied about CURD,,
,3.0,11.30 to 12.30,Create table ,,
,4.0,12.30 to 1.30,CURD Operation of JavaScript,,
,5.0,1.30 to 2.30 ,Lunch Break,,
,6.0,2.30 to 3.30,CURD Operation of JavaScript,,
,7.0,3.30 to 4.30 ,CURD Operation of JavaScript,,
,8.0,4.30 to 5.30,CSS of the webpage,,
,9.0,5.30 to 6.30,Task Completed,,
,,,,,
,,,,,
,,,"Reflection,position,masking,object-fit",,
2024-03-21 00:00:00,1.0,9.30 to 10.30,Studied about the given task,Completed,
,2.0,10.30 to 11.30,Studied and implemented about Reflection,,
,3.0,11.30 to 12.30,Studied and implemented about Object fit,,
,4.0,12.30 to 1.30,Studied and implemented about Object Position,,
,5.0,1.30 to 2.30 ,Lunch Break,,
,6.0,2.30 to 3.30,Studied and implemented about Masking,,
,7.0,3.30 to 4.30 ,Studied and implemented about Transition,,
,8.0,4.30 to 5.30,CSS of the webpage,,
,9.0,5.30 to 6.30,Task Completed,,
,,,,,
,,,,,
,,,Parallel wireless clone website,,
2024-03-26 00:00:00,1.0,9.30 to 10.30,Studied about the given task,90% Completed,
,2.0,10.30 to 11.30,Created nav bar,,
,3.0,11.30 to 12.30,Created Hero section,,
,4.0,12.30 to 1.30,Created cards section,,
,5.0,1.30 to 2.30 ,Lunch Break,,
,6.0,2.30 to 3.30,Created carousel,,
,7.0,3.30 to 4.30 ,Created leader section,,
,8.0,4.30 to 5.30,Creted career and awards section,,
,9.0,5.30 to 6.30,Created Product section,,
,,,,,
,,,Parallel wireless solution page,,
2024-03-27 00:00:00,1.0,9.30 to 10.30,Studied about the given task,100% Completed,
,2.0,10.30 to 11.30,Created solution page,,
,3.0,11.30 to 12.30,Created urban page,,
,4.0,12.30 to 1.30,Created urban page,,
,5.0,1.30 to 2.30 ,Lunch Break,,
,6.0,2.30 to 3.30,Created rural page,,
,7.0,3.30 to 4.30 ,Created rural page,,
,8.0,4.30 to 5.30,Created private LTE page,,
,9.0,5.30 to 6.30,Created private LTE page,,
,,,,,
,,,,,
,,,Parallel wireless customer and company page,,
2024-03-28 00:00:00,1.0,9.30 to 10.30,Studied about the given task,100% Completed,
,2.0,10.30 to 11.30,Created Product dropdown,,
,3.0,11.30 to 12.30,Created Customer page,,
,4.0,12.30 to 1.30,Created Customer page,,
,5.0,1.30 to 2.30 ,Lunch Break,,
,6.0,2.30 to 3.30,Created Company page,,
,7.0,3.30 to 4.30 ,Created Company page,,
,8.0,4.30 to 5.30,Created Who we are page,,
,9.0,5.30 to 6.30,Created news page,,
,,,,,
,,,,,
,,,Parallel wireless company dropdown pages,,
2024-03-29 00:00:00,1.0,9.30 to 10.30,Studied about the given task,100% Completed,
,2.0,10.30 to 11.30,Created news page,,
,3.0,11.30 to 12.30,Created leadership page,,
,4.0,12.30 to 1.30,Created Awards page,,
,5.0,1.30 to 2.30 ,Lunch Break,,
,6.0,2.30 to 3.30,Created Contact page,,
,7.0,3.30 to 4.30 ,Created contact page,,
,8.0,4.30 to 5.30,Created Partner page,,
,9.0,5.30 to 6.30,Created Legal page,,
,,,,,
,,,,,
,,,"Parallel wireless--> career,resource and contact page",,
2024-04-01 00:00:00,1.0,9.30 to 10.30,Studied about the given task,100% Completed,
,2.0,10.30 to 11.30,Created Career page,,
,3.0,11.30 to 12.30,Created Career page,,
,4.0,12.30 to 1.30,Created resource page,,
,5.0,1.30 to 2.30 ,Lunch Break,,
,6.0,2.30 to 3.30,Created resource page,,
,7.0,3.30 to 4.30 ,Created Contact page,,
,8.0,4.30 to 5.30,Created Contact page,,
,9.0,5.30 to 6.30,Task Completed,,
,,,,,
,,,,,
,,,"Parallel wireless--> white page,solution,openran,blog,webinars",,
2024-04-02 00:00:00,1.0,9.30 to 10.30,Studied about the given task,100% Completed,
,2.0,10.30 to 11.30,Created white page,,
,3.0,11.30 to 12.30,Created white page,,
,4.0,12.30 to 1.30,Created blogs page,,
,5.0,1.30 to 2.30 ,Lunch Break,,
,6.0,2.30 to 3.30,Created white page,,
,7.0,3.30 to 4.30 ,Created openran page,,
,8.0,4.30 to 5.30,Created webinar page,,
,9.0,5.30 to 6.30,Created Case studies page,,
,,,,,
,,,Parallel wireless ->company dropdown,,
2024-04-03 00:00:00,1.0,9.30 to 10.30,Studied about the given task,100% Completed,"GitHub: https://github.com/Rahiman13/Parallel-Wireless.git
Vercel: https://rahiman-shaik.vercel.app/"
,2.0,10.30 to 11.30,Created  Mission and vision page,,
,3.0,11.30 to 12.30,Created Mission and vision page,,
,4.0,12.30 to 1.30,Created Press page,,
,5.0,1.30 to 2.30 ,Lunch Break,,
,6.0,2.30 to 3.30,Created Press page,,
,7.0,3.30 to 4.30 ,Created cnews coverage,,
,8.0,4.30 to 5.30,Created cnews coverage,,
,9.0,5.30 to 6.30,Created  support page,,
,,,,,
,,,"Fetch API for rendering clothes of men,womes and kids",,
2024-04-04 00:00:00,1.0,9.30 to 10.30,Studied about the given task,100% Completed,
,2.0,10.30 to 11.30,Watch some youtube videos ,,
,3.0,11.30 to 12.30,Watch some youtube videos ,,
,4.0,12.30 to 1.30,Watch some youtube videos ,,
,5.0,1.30 to 2.30 ,Lunch Break,,
,6.0,2.30 to 3.30,Created index page,,
,7.0,3.30 to 4.30 ,styling the index page,,
,8.0,4.30 to 5.30,Java script for rendering,,
,9.0,5.30 to 6.30,Task Completed,,
,,,,,
,,,,,
,,,Fetch API using react,,
2024-04-05 00:00:00,1.0,9.30 to 10.30,Studied about the given task,100% Completed,
,2.0,10.30 to 11.30,Watch some youtube videos ,,
,3.0,11.30 to 12.30,Watch some youtube videos ,,
,4.0,12.30 to 1.30,Install all react extensions,,
,5.0,1.30 to 2.30 ,Lunch Break,,
,6.0,2.30 to 3.30,Created my app,,
,7.0,3.30 to 4.30 ,Fetch API using react in app.js,,
,8.0,4.30 to 5.30,styling,,
,9.0,5.30 to 6.30,Rendering pages,,
,,,,,
,,,,,
,,,Fetch API using react with search box,,
2024-04-08 00:00:00,1.0,9.30 to 10.30,Studied about the given task,100% Completed,
,2.0,10.30 to 11.30,Watch some youtube videos ,,
,3.0,11.30 to 12.30,Watch some youtube videos ,,
,4.0,12.30 to 1.30,Install all react extensions,,
,5.0,1.30 to 2.30 ,Lunch Break,,
,6.0,2.30 to 3.30,Created my app,,
,7.0,3.30 to 4.30 ,Fetch API using react in app.js,,
,8.0,4.30 to 5.30,styling,,
,9.0,5.30 to 6.30,Rendering pages,,
,,,,,
,,,,,
,,,Adding cart in the previous fetch ,,
2024-04-09 00:00:00,1.0,9.30 to 10.30,Studied about the given task,60% Completed,
,2.0,10.30 to 11.30,Watch some youtube videos ,,
,3.0,11.30 to 12.30,Watch some youtube videos ,,
,4.0,12.30 to 1.30,Install all react extensions,,
,5.0,1.30 to 2.30 ,Lunch Break,,
,6.0,2.30 to 3.30,Created my app,,
,7.0,3.30 to 4.30 ,Fetch API using react in app.js,,
,8.0,4.30 to 5.30,styling,,
,9.0,5.30 to 6.30,Rendering pages,,
,,,,,
,,,,,
,,,Tribute page,,
2024-04-11 00:00:00,1.0,9.30 to 10.30,Studied about the given task,100% Completed,"GitHub: https://github.com/Rahiman13/Tribute-page.git
Vercel: https://tribute-page-two-murex.vercel.app/"
,2.0,10.30 to 11.30,Watch some youtube videos ,,
,3.0,11.30 to 12.30,Install all react extensions,,
,4.0,12.30 to 1.30,Created my app,,
,5.0,1.30 to 2.30 ,Lunch Break,,
,6.0,2.30 to 3.30,Animation,,
,7.0,3.30 to 4.30 ,Animation,,
,8.0,4.30 to 5.30,styling,,
,9.0,5.30 to 6.30,Rendering pages,,
,,,,,
,,,Tribute page,,
2024-04-12 00:00:00,1.0,9.30 to 10.30,Studied about the given task,100% Completed,
,2.0,10.30 to 11.30,Watch some youtube videos ,,
,3.0,11.30 to 12.30,Install all react extensions,,
,4.0,12.30 to 1.30,Created my app,,
,5.0,1.30 to 2.30 ,Lunch Break,,
,6.0,2.30 to 3.30,Animation,,
,7.0,3.30 to 4.30 ,Animation,,
,8.0,4.30 to 5.30,styling,,
,9.0,5.30 to 6.30,Rendering pages,,
,,,,,
,,,,,
,,,Form using Local Storage,,
2024-04-15 00:00:00,1.0,9.30 to 10.30,Studied about the given task,100% Completed,
,2.0,10.30 to 11.30,Watch some youtube videos ,,
,3.0,11.30 to 12.30,Created HTML page,,
,4.0,12.30 to 1.30,styling,,
,5.0,1.30 to 2.30 ,Lunch Break,,
,6.0,2.30 to 3.30,Java Script,,
,7.0,3.30 to 4.30 ,Java Script,,
,8.0,4.30 to 5.30,Info about local storage and session storage,,
,9.0,5.30 to 6.30,Task Completed,,
,,,,,
,,,,,
,,,Form with Session Storage,,
2024-04-16 00:00:00,1.0,9.30 to 10.30,Studied about the given task,100% Completed,
,2.0,10.30 to 11.30,Watch some youtube videos ,,
,3.0,11.30 to 12.30,Created HTML page,,
,4.0,12.30 to 1.30,styling,,
,5.0,1.30 to 2.30 ,Lunch Break,,
,6.0,2.30 to 3.30,Java Script,,
,7.0,3.30 to 4.30 ,Java Script,,
,8.0,4.30 to 5.30,buttons of update and delete,,
,9.0,5.30 to 6.30,Task Completed,,
,,,,,
,,,,,
,,,,,
,,,Progress bar along with form using react,,
2024-04-17 00:00:00,1.0,9.30 to 10.30,Studied about the given task,70% Completed,
,2.0,10.30 to 11.30,Watch some youtube videos ,,
,3.0,11.30 to 12.30,Create my app,,
,4.0,12.30 to 1.30,Create self details page,,
,5.0,1.30 to 2.30 ,Lunch Break,,
,6.0,2.30 to 3.30,Created Address Page,,
,7.0,3.30 to 4.30 ,Created Education details Page,,
,8.0,4.30 to 5.30,Preview page,,
,9.0,5.30 to 6.30,Task Completed,,
,,,,,
,,,,,
,,,Progress bar along with form using react,,
2024-04-18 00:00:00,1.0,9.30 to 10.30,Studied about the given task,100% Completed,"GitHub: https://github.com/Rahiman13/Rahiman-react-form-with-progress-bar.git
Vercel: https://rahiman-react-form-with-progress-bar.vercel.app/"
,2.0,10.30 to 11.30,Watch some youtube videos ,,
,3.0,11.30 to 12.30,Add animations to the progressbar,,
,4.0,12.30 to 1.30,Add animations to the progressbar,,
,5.0,1.30 to 2.30 ,Lunch Break,,
,6.0,2.30 to 3.30,Add gradution input which gives year and brach according to the selection in graduation,,
,7.0,3.30 to 4.30 ,Add gradution input which gives year and brach according to the selection in graduation,,
,8.0,4.30 to 5.30,downloading the preview,,
,9.0,5.30 to 6.30,Task Completed,,
,,,,,
,,,Dashboard with charts using react and chart js,,
2024-04-19 00:00:00,1.0,9.30 to 10.30,Studied about the given task,70% Completed,"GitHub: https://github.com/Rahiman13/Admin-Dashboard.git
Vercel: https://admin-dashboard-pi-wheat.vercel.app/"
,2.0,10.30 to 11.30,Watch some youtube videos ,,
,3.0,11.30 to 12.30,Created a Navbar,,
,4.0,12.30 to 1.30,Created a Side bar,,
,5.0,1.30 to 2.30 ,Lunch Break,,
,6.0,2.30 to 3.30,Created charts using chart js,,
,7.0,3.30 to 4.30 ,Created charts using chart js,,
,8.0,4.30 to 5.30,make some changes in styles,,
,9.0,5.30 to 6.30,Created some more charts,,
,,,,,
,,,,,
,,,Resume Builder using react,,
2024-04-22 00:00:00,1.0,9.30 to 10.30,Studied about the given task,80% Completed,"GitHub: https://github.com/Rahiman13/resume_builder.git
Vercel: https://resume-builder-nu-woad.vercel.app/"
,2.0,10.30 to 11.30,Watch some youtube videos ,,
,3.0,11.30 to 12.30,Created Personal Information.js,,
,4.0,12.30 to 1.30,Created Eduacation.js,,
,5.0,1.30 to 2.30 ,Lunch Break,,
,6.0,2.30 to 3.30,Created Work Experince.js,,
,7.0,3.30 to 4.30 ,Created skills.js,,
,8.0,4.30 to 5.30,Created certification.js,,
,9.0,5.30 to 6.30,Created Projects.js,,
,,,,,
,,,Resume Builder using react,,
2024-04-23 00:00:00,1.0,9.30 to 10.30,Studied about the task,100% Completed,"GitHub: https://github.com/Rahiman13/resume_builder.git
Vercel: https://resume-builder-nu-woad.vercel.app/"
,2.0,10.30 to 11.30,Make some changes to previous work,,
,3.0,11.30 to 12.30,,,
,4.0,12.30 to 1.30,Attended the meeting & sharing the work,,
,5.0,1.30 to 2.30 ,Lunch Break,,
,6.0,2.30 to 3.30,Working on template section,,
,7.0,3.30 to 4.30 ,watch some youtube videos,,
,8.0,4.30 to 5.30,styling part,,
,9.0,5.30 to 6.30,working on download section,,
,,,,,
,,,,,
,,,Expenses management app,,
2024-04-24 00:00:00,1.0,9.30 to 10.30,Studied about the given task,60% Completed,"GitHub: https://github.com/Rahiman13/Expenses-tracker.git
Vercel: https://expenses-tracker-tau-seven.vercel.app/"
,2.0,10.30 to 11.30,Watch some youtube videos ,,
,3.0,11.30 to 12.30,Created react app,,
,4.0,12.30 to 1.30,Created expense form,,
,5.0,1.30 to 2.30 ,Lunch Break,,
,6.0,2.30 to 3.30,Created expense list,,
,7.0,3.30 to 4.30 ,Created buttons for updating and deleting,,
,8.0,4.30 to 5.30,Created table for expense list,,
,9.0,5.30 to 6.30,Created monthly savings,,
,,,,,
,,,,,
,,,Expenses management app,,
2024-04-25 00:00:00,1.0,9.30 to 10.30,Studied about the given task,100% Completed,"GitHub: https://github.com/Rahiman13/Expenses-tracker.git
Vercel: https://expenses-tracker-tau-seven.vercel.app/"
,2.0,10.30 to 11.30,Watch some youtube videos ,,
,3.0,11.30 to 12.30,Created react app,,
,4.0,12.30 to 1.30,Created expense form,,
,5.0,1.30 to 2.30 ,Lunch Break,,
,6.0,2.30 to 3.30,Created expense list,,
,7.0,3.30 to 4.30 ,Created buttons for updating and deleting,,
,8.0,4.30 to 5.30,Created table for expense list,,
,9.0,5.30 to 6.30,Created monthly savings,,
,,,,,
,,,,,
,,,Redux Tool kit,,
2024-04-26 00:00:00,1.0,9.30 to 10.30,Studied about the given task,100% Completed,
,2.0,10.30 to 11.30,Watch some youtube videos ,,
,3.0,11.30 to 12.30,Watch some youtube videos ,,
,4.0,12.30 to 1.30,Watch some youtube videos ,,
,5.0,1.30 to 2.30 ,Lunch Break,,
,6.0,2.30 to 3.30,Visited official Website of redux,,
,7.0,3.30 to 4.30 ,Studies about difference between redux and redux toolkit,,
,8.0,4.30 to 5.30,Created documentation,,
,9.0,5.30 to 6.30,Task Completed,,
,,,,,
,,,Grocery store,,
2024-04-29 00:00:00,1.0,9.30 to 10.30,Attend the meeting,1,"GitHub: https://github.com/Rahiman13/Grocery-store.git
Vercel: https://grocery-store-silk.vercel.app/"
,2.0,10.30 to 11.30,Studied about the given task,,
,3.0,11.30 to 12.30,Watch some youtube videos ,,
,4.0,12.30 to 1.30,Watch some youtube videos ,,
,5.0,1.30 to 2.30 ,Lunch Break,,
,6.0,2.30 to 3.30,Created Grocery store using react,,
,7.0,3.30 to 4.30 ,,,
,8.0,4.30 to 5.30,,,
,9.0,5.30 to 6.30,Evening meeting,,
,,,,,
,,,,,
,,,"R & D on Node js, express, and mongodb",,
2024-04-30 00:00:00,1.0,9.30 to 10.30,Attend the meeting,1,
,2.0,10.30 to 11.30,Studied about the given task,,
,3.0,11.30 to 12.30,Watch some youtube videos on nodejs,,
,4.0,12.30 to 1.30,Studied about Node js,,
,5.0,1.30 to 2.30 ,Lunch Break,,
,6.0,2.30 to 3.30,Watch some youtube videos express js,,
,7.0,3.30 to 4.30 ,Studied about Express js,,
,8.0,4.30 to 5.30,Watch some youtube videos Mongodb,,
,9.0,5.30 to 6.30,Studied about the Mongodb,,
,,,,,
,,,,,
,,,API for user registration form,,
2024-05-01 00:00:00,1.0,9.30 to 10.30,Attend the meeting,1,
,2.0,10.30 to 11.30,Studied about the given task,,
,3.0,11.30 to 12.30,Watch some youtube videos on api,,
,4.0,12.30 to 1.30,Created Node js,,
,5.0,1.30 to 2.30 ,Lunch Break,,
,6.0,2.30 to 3.30,created various input forms,,
,7.0,3.30 to 4.30 ,validation for input elements,,
,8.0,4.30 to 5.30,stored the datausing mongodb,,
,9.0,5.30 to 6.30,Task Completed,,
,,,,,
,,,User login page with authentication,,
2024-05-02 00:00:00,1.0,9.30 to 10.30,Attend the meeting,1,
,2.0,10.30 to 11.30,Studied about the given task,,
,3.0,11.30 to 12.30,Watch some youtube videos on api,,
,4.0,12.30 to 1.30,Created Node js,,
,5.0,1.30 to 2.30 ,Lunch Break,,
,6.0,2.30 to 3.30,created various input forms,,
,7.0,3.30 to 4.30 ,validation for input elements,,
,8.0,4.30 to 5.30,Created authentications section,,
,9.0,5.30 to 6.30,Task Completed,,
,,,,,
,,,Create an Admin dashboard  page with add book and and update book functionality,,
2024-05-03 00:00:00,1.0,9.30 to 10.30,Attend the meeting,1,
,2.0,10.30 to 11.30,Watch some related youtube video,,
,3.0,11.30 to 12.30,Created a admin dashboard,,
,4.0,12.30 to 1.30,Add book in dashboard,,
,5.0,1.30 to 2.30 ,Lunch Break,,
,6.0,2.30 to 3.30,added the update functionality,,
,7.0,3.30 to 4.30 ,Css for admin dashboard,,
,8.0,4.30 to 5.30,make the webpage Responsive,,
,9.0,5.30 to 6.30,Task Completed,,
,,,,,
,,,create an api for the user registration and perform crud operation,,
2024-05-06 00:00:00,1.0,9.30 to 10.30,Attend the meeting,1,
,2.0,10.30 to 11.30,Watch some related youtube video,,
,3.0,11.30 to 12.30,Created user registration form,,
,4.0,12.30 to 1.30,Created user registration form,,
,5.0,1.30 to 2.30 ,Lunch Break,,
,6.0,2.30 to 3.30,Perform curd operations,,
,7.0,3.30 to 4.30 ,Css for registration form,,
,8.0,4.30 to 5.30,make the webpage Responsive,,
,9.0,5.30 to 6.30,Task Completed,,
,,,,,
,,,create an admin dashboard where every user details such as login date login time and logout time  should be displayed in a table,,
2024-05-07 00:00:00,1.0,9.30 to 10.30,Attend the meeting,1,
,2.0,10.30 to 11.30,Watch some related youtube video,,
,3.0,11.30 to 12.30,Created Admin Dashboard,,
,4.0,12.30 to 1.30,Created sidebar,,
,5.0,1.30 to 2.30 ,Lunch Break,,
,6.0,2.30 to 3.30,stored the data in local storage,,
,7.0,3.30 to 4.30 ,time details of login and logout,,
,8.0,4.30 to 5.30,Css for dashboard,,
,9.0,5.30 to 6.30,Task Completed,,
,,,,,
,,,,,
,,, Work on API integration of the book app,,
2024-05-08 00:00:00,1.0,9.30 to 10.30,Attend the meeting,1,
,2.0,10.30 to 11.30,Watch some related youtube video,,
,3.0,11.30 to 12.30,Watch some related youtube video,,
,4.0,12.30 to 1.30,Created an API,,
,5.0,1.30 to 2.30 ,Lunch Break,,
,6.0,2.30 to 3.30,Created an API,,
,7.0,3.30 to 4.30 ,Integrated  the API with book,,
,8.0,4.30 to 5.30,Css for API,,
,9.0,5.30 to 6.30,Task Completed,,
,,,,,
,,,,,
,,,Create an attractive portfolio site by using react and tailwind,,
2024-05-09 00:00:00,1.0,9.30 to 10.30,Attend the meeting,1,
,2.0,10.30 to 11.30,Watch some related youtube video,,
,3.0,11.30 to 12.30,Cretaed Navbar,,
,4.0,12.30 to 1.30,Created Hero section,,
,5.0,1.30 to 2.30 ,Lunch Break,,
,6.0,2.30 to 3.30,Created testimonials,,
,7.0,3.30 to 4.30 ,Cretaed footer,,
,8.0,4.30 to 5.30,CSS for portfolio,,
,9.0,5.30 to 6.30,Task Completed,,
,,,,,
,,,,,
,,,Create an attractive portfolio site by using react and tailwind,,
2024-05-10 00:00:00,1.0,9.30 to 10.30,Attend the meeting,1,
,2.0,10.30 to 11.30,Watch some related youtube video,,
,3.0,11.30 to 12.30,Cretaed Navbar,,
,4.0,12.30 to 1.30,Created Carousel in Hero section,,
,5.0,1.30 to 2.30 ,Lunch Break,,
,6.0,2.30 to 3.30,Created dropdown pages,,
,7.0,3.30 to 4.30 ,Created dropdown pages,,
,8.0,4.30 to 5.30,CSS for related pages,,
,9.0,5.30 to 6.30,Task Completed,,
,,,,,
,,,Wireframe for tourism website,,
2024-05-13 00:00:00,1.0,9.30 to 10.30,Know the task i.e. create an wireframe for our project which was discussed in the meeting,Completed,
,2.0,10.30 to 11.30,"try to create structure on pen n paper of wireframe for our project 
",,
,3.0,11.30 to 12.30,,,
,4.0,12.30 to 1.30,,,
,5.0,1.30 to 2.30 ,Lunch Break,,
,6.0,2.30 to 3.30,"Try to make that on on online wireframe tool
",,
,7.0,3.30 to 4.30 ,,,
,8.0,4.30 to 5.30,,,
,9.0,5.30 to 6.30,"Update Excel Sheet, Make the zip File and Submit the todays task On Group",,
,,,,,
,,,,,
,,,Toursim website landing page structure,,
2024-05-14 00:00:00,1.0,9.30 to 10.30,Know the task i.e. Create landing page of tourism site,Completed,
,2.0,10.30 to 11.30,"trying to design the struture of landing page
",,
,3.0,11.30 to 12.30,,,
,4.0,12.30 to 1.30,,,
,5.0,1.30 to 2.30 ,Lunch Break,,
,6.0,2.30 to 3.30,Create landing page of tourism site,,
,7.0,3.30 to 4.30 ,,,
,8.0,4.30 to 5.30,,,
,9.0,5.30 to 6.30,"Update Excel Sheet, Make the zip File and Submit the todays task On Group",,
,,,,,
,,,R&D on various tourism webistes,,
2024-05-15 00:00:00,1.0,9.30 to 10.30,Attend the meeting,1,
,2.0,10.30 to 11.30,Watch some related youtube video,,
,3.0,11.30 to 12.30,Search various tourism webiste ,,
,4.0,12.30 to 1.30,,,
,5.0,1.30 to 2.30 ,,,
,6.0,2.30 to 3.30,,,
,7.0,3.30 to 4.30 ,,,
,8.0,4.30 to 5.30,,,
,9.0,5.30 to 6.30,Task Completed,,
,,,,,
,,,,,
,,,Timing sheet of Tourism website,,
2024-05-16 00:00:00,1.0,9.30 to 10.30,Attend the meeting,1,
,2.0,10.30 to 11.30,Watch some related youtube video,,
,3.0,11.30 to 12.30,Created a excel sheet of Tourism website,,
,4.0,12.30 to 1.30,,,
,5.0,1.30 to 2.30 ,,,
,6.0,2.30 to 3.30,,,
,7.0,3.30 to 4.30 ,,,
,8.0,4.30 to 5.30,,,
,9.0,5.30 to 6.30,Task Completed,,
,,,,,
,,,Wireframe for the tourism page,,
2024-05-17 00:00:00,1.0,9.30 to 10.30,Attend the meeting,1,
,2.0,10.30 to 11.30,Watch some related youtube video,,
,3.0,11.30 to 12.30,Created Wireframes of all pages,,
,4.0,12.30 to 1.30,,,
,5.0,1.30 to 2.30 ,,,
,6.0,2.30 to 3.30,,,
,7.0,3.30 to 4.30 ,,,
,8.0,4.30 to 5.30,,,
,9.0,5.30 to 6.30,Task Completed,,
,,,,,
,,,"Navbar, footer and signin form",,
2024-05-20 00:00:00,1.0,9.30 to 10.30,Attend the meeting,1,
,2.0,10.30 to 11.30,Watch some related youtube video,,
,3.0,11.30 to 12.30,Cretaed Navbar,,
,4.0,12.30 to 1.30,Created footer,,
,5.0,1.30 to 2.30 ,Lunch Break,,
,6.0,2.30 to 3.30,Cretaed signin form,,
,7.0,3.30 to 4.30 ,Created Login form,,
,8.0,4.30 to 5.30, Created logo,,
,9.0,5.30 to 6.30,Task Completed,,
,,,,,
,,,,,
,,,Validation and theme ,,
2024-05-21 00:00:00,1.0,9.30 to 10.30,Attend the meeting,1,
,2.0,10.30 to 11.30,Watch some related youtube video,,
,3.0,11.30 to 12.30,Cretaed Navlinks,,
,4.0,12.30 to 1.30,Routing,,
,5.0,1.30 to 2.30 ,Lunch Break,,
,6.0,2.30 to 3.30,Added validation for signin form,,
,7.0,3.30 to 4.30 ,Added validation for Login form,,
,8.0,4.30 to 5.30, Created logo,,
,9.0,5.30 to 6.30,Task Completed,,
,,,,,
,,,,,
,,,Creating server and Connecting to database,,
2024-05-22 00:00:00,1.0,9.30 to 10.30,Attend the meeting,1,
,2.0,10.30 to 11.30,Watch some related youtube video,,
,3.0,11.30 to 12.30,Watch some related youtube video,,
,4.0,12.30 to 1.30,Installed postman and mongodb,,
,5.0,1.30 to 2.30 ,Lunch Break,,
,6.0,2.30 to 3.30,Created a server using Node js,,
,7.0,3.30 to 4.30 ,Created account and connected the mongodb atlas,,
,8.0,4.30 to 5.30,Created account and connected the mongodb atlas,,
,9.0,5.30 to 6.30,Task Completed,,
,,,,,
,,,,,
,,,,,
,,,OTP Generation & send through email,,
2024-05-23 00:00:00,1.0,9.30 to 10.30,Attend the meeting,1,
,2.0,10.30 to 11.30,Watch some related youtube video,,
,3.0,11.30 to 12.30,Watch some related youtube video,,
,4.0,12.30 to 1.30,Install email related dependencies,,
,5.0,1.30 to 2.30 ,Lunch Break,,
,6.0,2.30 to 3.30,working on otp generation,,
,7.0,3.30 to 4.30 ,working on email part,,
,8.0,4.30 to 5.30,,,
,9.0,5.30 to 6.30,Task Completed,,
,,,,,
,,,Work on integration part of the login module ,,
2024-05-24 00:00:00,1.0,9.30 to 10.30,Attend the meeting,Completed,
,2.0,10.30 to 11.30,Watch some related youtube video,,
,3.0,11.30 to 12.30,Watch some related youtube video,,
,4.0,12.30 to 1.30,Create a code for gmail otp verification,,
,5.0,1.30 to 2.30,Lunch Break,,
,6.0,2.30 to 3.30,Try to find the libaries for mobile verfication,,
,7.0,3.30 to 4.30,Try to implement the mobile verification code,,
,8.0,4.30 to 5.30,,,
,9.0,5.30 to 6.30,Task Completed,,
,,,,,
,,,,,
,,,OTP verification,,
2024-05-27 00:00:00,1.0,9.30 to 10.30,Attend the meeting,1,
,2.0,10.30 to 11.30,Watch some related youtube video,,
,3.0,11.30 to 12.30,Watch some related youtube video,,
,4.0,12.30 to 1.30,generated random and uniqe otp,,
,5.0,1.30 to 2.30 ,Lunch Break,,
,6.0,2.30 to 3.30,OTP verification throgh Email,,
,7.0,3.30 to 4.30 ,,,
,8.0,4.30 to 5.30,,,
,9.0,5.30 to 6.30,Task Completed,,
,,,,,
,,,Home page Design,,
2024-05-28 00:00:00,1.0,9.30 to 10.30,Attend the meeting,0.8,
,2.0,10.30 to 11.30,Watch some related youtube video,,
,3.0,11.30 to 12.30,Watch some related youtube video,,
,4.0,12.30 to 1.30,Created Home page,,
,5.0,1.30 to 2.30 ,Lunch Break,,
,6.0,2.30 to 3.30,Created Carousel,,
,7.0,3.30 to 4.30 ,Add tailwind css,,
,8.0,4.30 to 5.30,Added next and prev buttons,,
,9.0,5.30 to 6.30,Task Completed,,
,,,,,
,,,,,
,,,Carousel and Landing page,,
2024-05-29 00:00:00,1.0,9.30 to 10.30,Attend the meeting,1,
,2.0,10.30 to 11.30,Watch some related youtube video,,
,3.0,11.30 to 12.30,Watch some related youtube video,,
,4.0,12.30 to 1.30,Changes in Carousel,,
,5.0,1.30 to 2.30 ,Lunch Break,,
,6.0,2.30 to 3.30,Added typewriter to the carousel,,
,7.0,3.30 to 4.30 ,Added animation to the page,,
,8.0,4.30 to 5.30,Changes in Footer,,
,9.0,5.30 to 6.30,Task Completed,,
,,,,,
,,,,,
,,,State level mapping and categorization,,
2024-05-30 00:00:00,1.0,9.30 to 10.30,Attend the meeting,1,
,2.0,10.30 to 11.30,Attend the meeting,,
,3.0,11.30 to 12.30,Watch some related youtube video,,
,4.0,12.30 to 1.30,Changes in Carousel,,
,5.0,1.30 to 2.30 ,Lunch Break,,
,6.0,2.30 to 3.30,State level mapping and categorization,,
,7.0,3.30 to 4.30 ,,,
,8.0,4.30 to 5.30,,,
,9.0,5.30 to 6.30,Task Completed,,
,,,,,
,,,Fetching data from API,,
2024-05-31 00:00:00,1.0,9.30 to 10.30,Attend the meeting,1,
,2.0,10.30 to 11.30,Attend the meeting,,
,3.0,11.30 to 12.30,Watch some related youtube video,,
,4.0,12.30 to 1.30,Watch some related youtube video,,
,5.0,1.30 to 2.30 ,Lunch Break,,
,6.0,2.30 to 3.30,Created cards ,,
,7.0,3.30 to 4.30 ,Rendering the data from API,,
,8.0,4.30 to 5.30,Make the cards responsive,,
,9.0,5.30 to 6.30,Task Completed,,
,,,,,
,,,,,
,,,"User and admin login, testimonials,services",,
2024-06-03 00:00:00,1.0,9.30 to 10.30,Attend the meeting,1,
,2.0,10.30 to 11.30,Attend the meeting,,
,3.0,11.30 to 12.30,Watch some related youtube video,,
,4.0,12.30 to 1.30,Watch some related youtube video,,
,5.0,1.30 to 2.30 ,Lunch Break,,
,6.0,2.30 to 3.30,Created Testimonials,,
,7.0,3.30 to 4.30 ,Created cards,,
,8.0,4.30 to 5.30,Created Services,,
,9.0,5.30 to 6.30,Task Completed,,
,,,,,
,,,,,
,,,,,
,,,Admin Dashboard of user login details,,
2024-06-04 00:00:00,1.0,9.30 to 10.30,Attend the meeting,1,
,2.0,10.30 to 11.30,Attend the meeting,,
,3.0,11.30 to 12.30,Watch some related youtube video,,
,4.0,12.30 to 1.30,Watch some related youtube video,,
,5.0,1.30 to 2.30 ,Lunch Break,,
,6.0,2.30 to 3.30,Creating a template for login details,,
,7.0,3.30 to 4.30 ,Creating a template for login details,,
,8.0,4.30 to 5.30,Storing the time details of the login,,
,9.0,5.30 to 6.30,Storing the time details of the logout,,
,,,,,
,,,,,
,,,Worked on data rendering from api,,
2024-06-05 00:00:00,1.0,9.30 to 10.30,Attend the meeting,1,
,2.0,10.30 to 11.30,Attend the meeting,,
,3.0,11.30 to 12.30,created cards to show the data,,
,4.0,12.30 to 1.30,created cards to show the data,,
,5.0,1.30 to 2.30 ,Lunch Break,,
,6.0,2.30 to 3.30,Created search bar render the data based on title,,
,7.0,3.30 to 4.30 ,Created search bar render the data based on title,,
,8.0,4.30 to 5.30,Created search bar render the data based on title,,
,9.0,5.30 to 6.30,Task completed,,
,,,,,
,,,,,
,,,Admin dashboard and button toggle in tour project,,
2024-06-06 00:00:00,1.0,9.30 to 10.30,Attend the meeting,1,
,2.0,10.30 to 11.30,Attend the meeting,,
,3.0,11.30 to 12.30,Stored the login and logout timings in database ,,
,4.0,12.30 to 1.30,Stored the login and logout timings in database ,,
,5.0,1.30 to 2.30 ,Lunch Break,,
,6.0,2.30 to 3.30,When the user login replacing the login button with logout button,,
,7.0,3.30 to 4.30 ,Adding confirmation modal on the logout button,,
,8.0,4.30 to 5.30,Made some changes in navbar,,
,9.0,5.30 to 6.30,Task completed,,
,,,,,
,,,,,
,,,Book Design and authour wise rendering,,
2024-06-07 00:00:00,1.0,9.30 to 10.30,Attend the meeting,0.6,
,2.0,10.30 to 11.30,Attend the meeting,,
,3.0,11.30 to 12.30,Created cards for books ,,
,4.0,12.30 to 1.30,Created categories for books and author,,
,5.0,1.30 to 2.30 ,Lunch Break,,
,6.0,2.30 to 3.30,Created categories for books and author,,
,7.0,3.30 to 4.30 ,Added schema in backend,,
,8.0,4.30 to 5.30,Created modal warper for summary,,
,9.0,5.30 to 6.30,Rendering the data from backend,,
,,,,,
,,,,,
,,,User dashboard for Books,,
2024-06-10 00:00:00,1.0,9.30 to 10.30,Attend the meeting,1,
,2.0,10.30 to 11.30,Attend the meeting,,
,3.0,11.30 to 12.30,Storing the backend data in database,,
,4.0,12.30 to 1.30,,,
,5.0,1.30 to 2.30 ,Lunch Break,,
,6.0,2.30 to 3.30,Rendering the data from backend,,
,7.0,3.30 to 4.30 ,,,
,8.0,4.30 to 5.30,CSS for the user dashboard,,
,9.0,5.30 to 6.30,Task Completed,,
,,,,,
,,,Admin Dashboard for book details,,
2024-06-11 00:00:00,1.0,9.30 to 10.30,Attend the meeting,1,
,2.0,10.30 to 11.30,Attend the meeting,,
,3.0,11.30 to 12.30,Created a table for book details,,
,4.0,12.30 to 1.30,Added routing and other creating schema,,
,5.0,1.30 to 2.30 ,Lunch Break,,
,6.0,2.30 to 3.30,Rendering the details of books in admin,,
,7.0,3.30 to 4.30 ,,,
,8.0,4.30 to 5.30,CSS for the admin dashboard,,
,9.0,5.30 to 6.30,Task Completed,,
,,,,,
,,,,,
,,,Pagination and fetching the data in tourism project,,
2024-06-12 00:00:00,1.0,9.30 to 10.30,Attend the meeting,1,
,2.0,10.30 to 11.30,Attend the meeting,,
,3.0,11.30 to 12.30,Created cards and fetch the data from backend,,
,4.0,12.30 to 1.30,,,
,5.0,1.30 to 2.30 ,Lunch Break,,
,6.0,2.30 to 3.30,Added searchbar and radio buttons for rendering data,,
,7.0,3.30 to 4.30 ,,,
,8.0,4.30 to 5.30,Added pagination for the project,,
,9.0,5.30 to 6.30,Task Completed,,
,,,,,
,,,,,
,,,Created nested api for books ,,
2024-06-13 00:00:00,1.0,9.30 to 10.30,Attend the meeting,1,
,2.0,10.30 to 11.30,Attend the meeting,,
,3.0,11.30 to 12.30,created schema for books,,
,4.0,12.30 to 1.30,,,
,5.0,1.30 to 2.30 ,Lunch Break,,
,6.0,2.30 to 3.30,Fetching the data from backend,,
,7.0,3.30 to 4.30 ,,,
,8.0,4.30 to 5.30,Styling cards,,
,9.0,5.30 to 6.30,Task Completed,,
,,,,,
,,,,,
,,,Updated schema and add all the books,,
2024-06-14 00:00:00,1.0,9.30 to 10.30,Attend the meeting,1,
,2.0,10.30 to 11.30,Attend the meeting,,
,3.0,11.30 to 12.30,Updated schema according to the nested schema,,
,4.0,12.30 to 1.30,,,
,5.0,1.30 to 2.30 ,Lunch Break,,
,6.0,2.30 to 3.30,Adding all the data for books,,
,7.0,3.30 to 4.30 ,,,
,8.0,4.30 to 5.30,Implemented searchbar,,
,9.0,5.30 to 6.30,Task Completed,,
,,,,,
,,,,,
,,,Admin dashboard and making responsive,,
2024-06-17 00:00:00,1.0,9.30 to 10.30,Attend the meeting,1,
,2.0,10.30 to 11.30,Attend the meeting,,
,3.0,11.30 to 12.30,Created table for book details,,
,4.0,12.30 to 1.30,,,
,5.0,1.30 to 2.30 ,Lunch Break,,
,6.0,2.30 to 3.30,Adding responsiveness for dashboard,,
,7.0,3.30 to 4.30 ,,,
,8.0,4.30 to 5.30,Adding more css for cards,,
,9.0,5.30 to 6.30,Task Completed,,
,,,,,
,,,,,
,,,,,
,,,Admin Navbar,,
2024-06-18 00:00:00,1.0,9.30 to 10.30,Attend the meeting,1,
,2.0,10.30 to 11.30,Attend the meeting,,
,3.0,11.30 to 12.30,Added side navbar,,
,4.0,12.30 to 1.30,,,
,5.0,1.30 to 2.30 ,Lunch Break,,
,6.0,2.30 to 3.30,Updated styling and animations,,
,7.0,3.30 to 4.30 ,,,
,8.0,4.30 to 5.30,Added sweet alerts,,
,9.0,5.30 to 6.30,Task Completed,,
,,,,,
,,,,,
,,,Buy Module details on admin section,,
2024-06-19 00:00:00,1.0,9.30 to 10.30,Attend the meeting,1,
,2.0,10.30 to 11.30,Attend the meeting,,
,3.0,11.30 to 12.30,Created schema for purchase module,,
,4.0,12.30 to 1.30,Pushing the data to backend according to user details,,
,5.0,1.30 to 2.30 ,Lunch Break,,
,6.0,2.30 to 3.30,Pushing the data to backend according to user details,,
,7.0,3.30 to 4.30 ,Fetching details from database,,
,8.0,4.30 to 5.30,,,
,9.0,5.30 to 6.30,Styling on frontend side,,
,,,,,
,,,,,
,,,Working on combined Schema,,
2024-06-20 00:00:00,1.0,9.30 to 10.30,Attend the meeting,1,
,2.0,10.30 to 11.30,Attend the meeting,,
,3.0,11.30 to 12.30,Created a combined schema of book and user,,
,4.0,12.30 to 1.30,,,
,5.0,1.30 to 2.30 ,Lunch Break,,
,6.0,2.30 to 3.30,Worked on CRUD Operations for combined schema,,
,7.0,3.30 to 4.30 ,,,
,8.0,4.30 to 5.30,,,
,9.0,5.30 to 6.30,,,
,,,,,
,,,,,
,,,Working on Combined schema,,
2024-06-21 00:00:00,1.0,9.30 to 10.30,Attend the meeting,1,
,2.0,10.30 to 11.30,Attend the meeting,,
,3.0,11.30 to 12.30,Created schema as mam mentioned,,
,4.0,12.30 to 1.30,,,
,5.0,1.30 to 2.30 ,Lunch Break,,
,6.0,2.30 to 3.30,worked on CRUD operations  for schema,,
,7.0,3.30 to 4.30 ,,,
,8.0,4.30 to 5.30,,,
,9.0,5.30 to 6.30,,,
,,,,,
,,,,,
,,,Working on Favorities of books,,
2024-06-24 00:00:00,1.0,9.30 to 10.30,Attend the meeting,1,
,2.0,10.30 to 11.30,Attend the meeting,,
,3.0,11.30 to 12.30,Created schema for favorites and implemented,,
,4.0,12.30 to 1.30,,,
,5.0,1.30 to 2.30 ,Lunch Break,,
,6.0,2.30 to 3.30,Pushing all the fav books in the database and retrived in favorites page,,
,7.0,3.30 to 4.30 ,,,
,8.0,4.30 to 5.30,,,
,9.0,5.30 to 6.30,,,
,,,,,
,,,,,
,,,Working on buy module,,
2024-06-25 00:00:00,1.0,9.30 to 10.30,Attend the meeting,1,
,2.0,10.30 to 11.30,Attend the meeting,,
,3.0,11.30 to 12.30,Created combined schema for purchase module,,
,4.0,12.30 to 1.30,,,
,5.0,1.30 to 2.30 ,Lunch Break,,
,6.0,2.30 to 3.30,Implementing purchase module in frontend side and displaying in admin dashboard,,
,7.0,3.30 to 4.30 ,,,
,8.0,4.30 to 5.30,,,
,9.0,5.30 to 6.30,,,
,,,,,
,,,,,
,,,working on my orders and chart js,,
2024-06-26 00:00:00,1.0,9.30 to 10.30,Attend the meeting,1,
,2.0,10.30 to 11.30,Attend the meeting,,
,3.0,11.30 to 12.30,Fetch the purchased details from database and implemented in myorders page,,
,4.0,12.30 to 1.30,,,
,5.0,1.30 to 2.30 ,Lunch Break,,
,6.0,2.30 to 3.30,implemented chart js in admin dashboard,,
,7.0,3.30 to 4.30 ,,,
,8.0,4.30 to 5.30,,,
,9.0,5.30 to 6.30,,,
,,,,,
,,,,,
,,,work on implementation  of chart js in admin dashboard ,,
2024-06-27 00:00:00,1.0,9.30 to 10.30,Attend the meeting,1,
,2.0,10.30 to 11.30,Attend the meeting,,
,3.0,11.30 to 12.30,Made some changes in charts as mam insturcted to do,,
,4.0,12.30 to 1.30,,,
,5.0,1.30 to 2.30 ,Lunch Break,,
,6.0,2.30 to 3.30,adding styles for charts and adding other imformation of books and users in charts,,
,7.0,3.30 to 4.30 ,,,
,8.0,4.30 to 5.30,,,
,9.0,5.30 to 6.30,,,
,,,,,
,,,,,
,,,Working on Enquiry form and testimonials,,
2024-06-28 00:00:00,1.0,9.30 to 10.30,Attend the meeting,1,
,2.0,10.30 to 11.30,Attend the meeting,,
,3.0,11.30 to 12.30,Created Testimonials and add slider,,
,4.0,12.30 to 1.30,,,
,5.0,1.30 to 2.30 ,Lunch Break,,
,6.0,2.30 to 3.30,Created API for enquiry form and created form,,
,7.0,3.30 to 4.30 ,,,
,8.0,4.30 to 5.30,,,
,9.0,5.30 to 6.30,,,
,,,,,
,,,Working on sending email after purchasing a book,,
2024-07-01 00:00:00,1.0,9.30 to 10.30,Attend the meeting,1,
,2.0,10.30 to 11.30,Attend the meeting,,
,3.0,11.30 to 12.30,Add adress for the user for buy module,,
,4.0,12.30 to 1.30,,,
,5.0,1.30 to 2.30 ,Lunch Break,,
,6.0,2.30 to 3.30,Sending emails of the book after successful booking,,
,7.0,3.30 to 4.30 ,,,
,8.0,4.30 to 5.30,,,
,9.0,5.30 to 6.30,,,
,,,,,
,,,,,
,,,Adding animation and pagination,,
2024-07-02 00:00:00,1.0,9.30 to 10.30,Attend the meeting,1,
,2.0,10.30 to 11.30,Attend the meeting,,
,3.0,11.30 to 12.30,Added animation for the cards,,
,4.0,12.30 to 1.30,,,
,5.0,1.30 to 2.30 ,Lunch Break,,
,6.0,2.30 to 3.30,Added pagiantion for home page and admin page,,
,7.0,3.30 to 4.30 ,,,
,8.0,4.30 to 5.30,,,
,9.0,5.30 to 6.30,Task Completed,,
,,,,,
,,,,,
,,,,,
,,,Working admin dashboard statistics ,,
2024-07-03 00:00:00,1.0,9.30 to 10.30,Attend the meeting,1,
,2.0,10.30 to 11.30,Attend the meeting,,
,3.0,11.30 to 12.30,Created graphs for user data,,
,4.0,12.30 to 1.30,,,
,5.0,1.30 to 2.30 ,Lunch Break,,
,6.0,2.30 to 3.30,Created graphs for Books data,,
,7.0,3.30 to 4.30 ,,,
,8.0,4.30 to 5.30,,,
,9.0,5.30 to 6.30,Task Completed,,
,,,,,
,,,,,
,,,Hosting Book store project,,
2024-07-04 00:00:00,1.0,9.30 to 10.30,Morning meeting and know the task,1,"GitHub: https://github.com/Rahiman13/Book-Adda.git
Vercel: https://books-adda.vercel.app/"
,2.0,10.30 to 11.30,Host your mern project on vercel with the help of onrender,,
,3.0,11.30 to 12.30,,,
,4.0,12.30 to 1.30,,,
,5.0,1.30 to 2.30 ,Lunch Break,,
,6.0,2.30 to 3.30,Host your mern project on vercel with the help of onrender,,
,7.0,3.30 to 4.30 ,,,
,8.0,4.30 to 5.30,,,
,9.0,5.30 to 6.30,Reporting,,
,,,,,
,,,,,
,,,R & D on Envato website,,
2024-07-05 00:00:00,1.0,9.30 to 10.30,Morning meeting and know the task,1,
,2.0,10.30 to 11.30,R& D work on the dummy web site,,
,3.0,11.30 to 12.30,,,
,4.0,12.30 to 1.30,,,
,5.0,1.30 to 2.30 ,Lunch Break,,
,6.0,2.30 to 3.30,R& D work on the dummy web site,,
,7.0,3.30 to 4.30 ,,,
,8.0,4.30 to 5.30,,,
,9.0,5.30 to 6.30,Reporting,,
,,,,,
,,,,,
,,,Created Products section,,
2024-07-08 00:00:00,1.0,9.30 to 10.30,Morning meeting and know the task,Completed,
,2.0,10.30 to 11.30,Start working on the new project front end and backend part,,
,3.0,11.30 to 12.30,,,
,4.0,12.30 to 1.30,,,
,5.0,1.30 to 2.30 ,Lunch Break,,
,6.0,2.30 to 3.30,Start working on the new project front end and backend part,,
,7.0,3.30 to 4.30 ,,,
,8.0,4.30 to 5.30,,,
,9.0,5.30 to 6.30,Reporting,,
,,,,,
,,,,,
,,,Working on Tousim site,,
2024-07-09 00:00:00,1.0,9.30 to 10.30,Morning meeting and know the task,Completed,
,2.0,10.30 to 11.30,Front end integration,,
,3.0,11.30 to 12.30,,,
,4.0,12.30 to 1.30,,,
,5.0,1.30 to 2.30 ,Lunch Break,,
,6.0,2.30 to 3.30,Front end integration,,
,7.0,3.30 to 4.30 ,,,
,8.0,4.30 to 5.30,,,
,9.0,5.30 to 6.30,Reporting,,
,,,,,
,,,Create login page for grocery mern project,,
2024-07-10 00:00:00,1.0,9.30 to 10.30,Morning meeting and know the task,Completed,
,2.0,10.30 to 11.30,Create login page for grocery mern project,,
,3.0,11.30 to 12.30,,,
,4.0,12.30 to 1.30,,,
,5.0,1.30 to 2.30 ,Lunch Break,,
,6.0,2.30 to 3.30,Create login page for grocery mern project,,
,7.0,3.30 to 4.30 ,,,
,8.0,4.30 to 5.30,,,
,9.0,5.30 to 6.30,Reporting,,
,,,,,
,,,Work on the task assign in the group,,
2024-07-11 00:00:00,1.0,9.30 to 10.30,Morning meeting and know the task,Completed,
,2.0,10.30 to 11.30,Work on the task assign in the group,,
,3.0,11.30 to 12.30,,,
,4.0,12.30 to 1.30,,,
,5.0,1.30 to 2.30 ,Lunch Break,,
,6.0,2.30 to 3.30,Work on the task assign in the group,,
,7.0,3.30 to 4.30 ,,,
,8.0,4.30 to 5.30,,,
,9.0,5.30 to 6.30,Reporting,,
,,,,,
,,,work on the task assign in the group,,
2024-07-12 00:00:00,1.0,9.30 to 10.30,Morning meeting and task given,Completed.,
,2.0,10.30 to 11.30,R&D on task,,
,3.0,11.30 to 12.30,R&D ,,
,4.0,12.30 to 1.30,implementation,,
,5.0,1.30 to 2.30 ,implementation,,
,6.0,2.30 to 3.30,lunch,,
,7.0,3.30 to 4.30 ,implementation,,
,8.0,4.30 to 5.30,implementation,,
,9.0,5.30 to 6.30,Evening meeting,,
,,,,,
,,,,,
,,,Working on Rozarpay,,
2024-07-15 00:00:00,1.0,9.30 to 10.30,Morning meeting and task given,Completed.,
,2.0,10.30 to 11.30,R&D on task,,
,3.0,11.30 to 12.30,R&D ,,
,4.0,12.30 to 1.30,Watch some youtube videos on rozarpay,,
,5.0,1.30 to 2.30 ,,,
,6.0,2.30 to 3.30,lunch,,
,7.0,3.30 to 4.30 ,Watch some youtube videos on rozarpay,,
,8.0,4.30 to 5.30,,,
,9.0,5.30 to 6.30,Evening meeting,,
,,,,,
,,,,,
,,,Working on Rozarpay,,
2024-07-16 00:00:00,1.0,9.30 to 10.30,Morning meeting and task given,Completed.,
,2.0,10.30 to 11.30,R&D on task,,
,3.0,11.30 to 12.30,R&D ,,
,4.0,12.30 to 1.30,Try to implement Rozarpay in books site,,
,5.0,1.30 to 2.30 ,,,
,6.0,2.30 to 3.30,lunch,,
,7.0,3.30 to 4.30 ,Try to implement Rozarpay in books site,,
,8.0,4.30 to 5.30,,,
,9.0,5.30 to 6.30,Evening meeting,,
,,,,,
,,,,,
,,,Integrating backend and frontend,,
2024-07-17 00:00:00,1.0,9.30 to 10.30,Morning meeting and task given,Completed.,
,2.0,10.30 to 11.30,Integrating backend and frontend,,
,3.0,11.30 to 12.30,,,
,4.0,12.30 to 1.30,,,
,5.0,1.30 to 2.30 ,,,
,6.0,2.30 to 3.30,lunch,,
,7.0,3.30 to 4.30 ,Integrating backend and frontend,,
,8.0,4.30 to 5.30,,,
,9.0,5.30 to 6.30,Evening meeting,,
,,,,,
,,,,,
,,,Making Changes,,
2024-07-18 00:00:00,1.0,9.30 to 10.30,Morning meeting and task given,Completed.,
,2.0,10.30 to 11.30,Making Changes in forntend part,,
,3.0,11.30 to 12.30,,,
,4.0,12.30 to 1.30,,,
,5.0,1.30 to 2.30 ,,,
,6.0,2.30 to 3.30,lunch,,
,7.0,3.30 to 4.30 ,Making Changes in forntend part,,
,8.0,4.30 to 5.30,,,
,9.0,5.30 to 6.30,Evening meeting,,
,,,,,
,,,Making some changes in tourism site,,
2024-07-19 00:00:00,1.0,9.30 to 10.30,Morning meeting and task given,Completed.,
,2.0,10.30 to 11.30,Making changes in hosting and frontend,,
,3.0,11.30 to 12.30,,,
,4.0,12.30 to 1.30,,,
,5.0,1.30 to 2.30 ,,,
,6.0,2.30 to 3.30,lunch,,
,7.0,3.30 to 4.30 ,Making changes in hosting and frontend,,
,8.0,4.30 to 5.30,,,
,9.0,5.30 to 6.30,Evening meeting,,
